Brauerei, Ort, Land, Web

100 Blumen Brauerei,     ?, Wien, http://www.100blumen.at
Beaver Brewing Comp.,    ?, Wien, http://www.beaverbrewing.at
Braumanufaktur Schalken, ?, Wien, http://www.braumanufakturschalken.at
Bräuhaus Ten.Fifty,      ?, Wien, https://www.tenfifty.at
Brew Age,                ?, Wien, http://www.brewage.at
Collabs Brewery,         ?, Wien, http://www.hawidere.at/collabs
Der Belgier,             ?, Wien, https://www.derbelgier.at
Eugen Artisan Ale,       ?, Wien, https://www.eugenales.at
Me & Uwe,                ?, Wien, http://www.brickmakers.at/me-and-uwe
Muttermilch,             ?, Wien, https://muttermilchbrewery.at
Next Level Brewing,      ?, Wien, https://www.facebook.com/nextlevelbrewing
Ottakringer BrauWerk,    ?, Wien, http://www.brauwerk.wien
Rodauer Biermanufaktur,  ?, Wien, http://www.rodauner-biermanufaktur.at
Thrasher Brewery,        ?, Wien, http://thrasher.beer

6 Beers Brewing Co.,     Breitenfurt, NÖ, https://www.6beers.at
Bierkanter,              Winklarn,    NÖ, https://www.bierkanter.at
Brauerei Schwechat,      Schwechat,   NÖ, http://www.schwechater.at
Brauerei Wieselburg,     Wieselburg,  NÖ, https://www.wieselburger.at
Brauküche 35,            Schalladorf, NÖ, https://www.braukueche35.at
BrauSchneider,           Schiltern,   NÖ, http://www.brauschneider.at
Gallier Bräu,            Landegg,     NÖ, https://www.facebook.com/GallierBrau
Hopfenspinnerei,         Walpersdorf, NÖ, http://www.hopfenspinnerei.at
Laxenburger Brauhandw.,  Laxenburg,   NÖ, http://laxenburger.at
Schremser,               Schrems,     NÖ, http://www.schremser.at
Schwarzbräu,             Krumbach,    NÖ, http://www.schwarzbraeu.at
Tschöams Biere,          Mödling,     NÖ, http://tschoeams-biere.at
Zebedäus Bräu,           Zellerndorf, NÖ, http://www.zebedaeus-braeu.at
Zwettler,                Zwettl,      NÖ, http://www.zwettler.at

Freibrauerei Maurer, Güssing, Bgld., http://www.freibrauerei-maurer.at

Alefried,           Graz,            Stmk., http://www.alefried.com
Bevog,              Bad Radkersburg, Stmk., http://www.bevog.at
Brauerei Göss,      Göss,            Stmk., https://www.goesser.at
Murauer,            Murau,           Stmk., http://www.murauerbier.at

Brauerei Zipf,     Zipf,         OÖ,  http://www.zipfer.at
Freistädter,       Freistadt,    OÖ, http://www.freistaedter-bier.at
Leonfeldner Bier,  Bad Leonfeld, OÖ, https://leonfeldnerbier.at
Schloss Eggenberg, Vorchdorf,    OÖ, http://www.schloss-eggenberg.at
The Beer Buddies,  Tragwein,     OÖ, http://www.thebeerbuddies.at

Hirter,            Hirt,       Kärnten, http://www.hirterbier.at
Schleppe,          Klagenfurt, Kärtnen, http://www.schleppe.at

Hofbräu Kaltenhausen, Kaltenhausen, Salzburg, http://www.kaltenhausen.at
Kiesbye's,            Obertrum,     Salzburg,
Trumer,               Obertrum,     Salzburg, http://www.trumer.at

Bierol,  Schwoich, Tirol,   http://www.bierol.at

Mohren,  Dornbirn, Vorarlberg,  http://www.mohrenbrauerei.at
